Row ID,Order ID,Order Date,Ship Date,Ship Mode,Customer ID,Customer Name,Segment,Country,City,State,Postal Code,Region,Product ID,Category,Sub-Category,Product Name,Sales,Quantity,Discount,Profit,Returned,Person
553,CA-2017-112774,2017-09-11,2017-09-12,First Class,RC-19960,Ryan Crowe,Consumer,United States,Jacksonville,Florida,32216,South,FUR-FU-10003039,Furniture,Furnishings,"Howard Miller 11-1/2"" Diameter Grantwood Wall Clock",34.504000000000005,1,0.2,6.0382,,Cassandra Brandow
756,CA-2016-140928,2016-09-18,2016-09-22,Standard Class,NB-18655,Nona Balk,Corporate,United States,Jacksonville,Florida,32216,South,FUR-TA-10001095,Furniture,Tables,Chromcraft Round Conference Tables,383.438,4,0.45,-167.3184,,Cassandra Brandow
863,CA-2016-134474,2016-01-05,2016-01-07,Second Class,AJ-10795,Anthony Johnson,Corporate,United States,Jacksonville,Florida,32216,South,TEC-AC-10001714,Technology,Accessories,Logitech MX Performance Wireless Mouse,191.472,6,0.2,40.6878,,Cassandra Brandow
864,CA-2016-134474,2016-01-05,2016-01-07,Second Class,AJ-10795,Anthony Johnson,Corporate,United States,Jacksonville,Florida,32216,South,OFF-AR-10003958,Office Supplies,Art,Newell 337,5.248,2,0.2,0.5903999999999991,,Cassandra Brandow
865,CA-2016-134474,2016-01-05,2016-01-07,Second Class,AJ-10795,Anthony Johnson,Corporate,United States,Jacksonville,Florida,32216,South,TEC-PH-10002923,Technology,Phones,"Logitech B530 USB Headset - headset - Full size, Binaural",59.184000000000005,2,0.2,5.178600000000001,,Cassandra Brandow
991,CA-2015-153549,2015-03-29,2015-03-31,Second Class,SL-20155,Sara Luxemburg,Home Office,United States,Jacksonville,Florida,32216,South,FUR-CH-10004086,Furniture,Chairs,Hon 4070 Series Pagoda Armless Upholstered Stacking Chairs,1166.92,5,0.2,131.27849999999995,,Cassandra Brandow
1006,CA-2015-111199,2015-11-13,2015-11-17,Standard Class,JK-15730,Joe Kamberova,Consumer,United States,Jacksonville,North Carolina,28540,South,OFF-PA-10001790,Office Supplies,Paper,Xerox 1910,115.296,3,0.2,40.353599999999986,,Cassandra Brandow
1183,CA-2017-138779,2017-01-14,2017-01-15,First Class,RB-19570,Rob Beeghly,Consumer,United States,Jacksonville,North Carolina,28540,South,OFF-EN-10002504,Office Supplies,Envelopes,"Tyvek  Top-Opening Peel & Seel Envelopes, Plain White",21.744,1,0.2,7.3386,,Cassandra Brandow
1184,CA-2017-138779,2017-01-14,2017-01-15,First Class,RB-19570,Rob Beeghly,Consumer,United States,Jacksonville,North Carolina,28540,South,TEC-PH-10003655,Technology,Phones,Sannysis Cute Owl Design Soft Skin Case Cover for Samsung Galaxy S4,7.92,5,0.2,0.6930000000000001,,Cassandra Brandow
1261,CA-2017-117079,2017-10-23,2017-10-27,Standard Class,JR-15700,Jocasta Rupert,Consumer,United States,Jacksonville,Florida,32216,South,TEC-PH-10004586,Technology,Phones,Wilson SignalBoost 841262 DB PRO Amplifier Kit,863.8799999999999,3,0.2,107.98499999999996,,Cassandra Brandow
1282,CA-2017-122154,2017-04-09,2017-04-11,First Class,SA-20830,Sue Ann Reed,Consumer,United States,Jacksonville,Florida,32216,South,OFF-LA-10000121,Office Supplies,Labels,Avery 48,15.120000000000001,3,0.2,4.913999999999999,,Cassandra Brandow
1283,CA-2017-122154,2017-04-09,2017-04-11,First Class,SA-20830,Sue Ann Reed,Consumer,United States,Jacksonville,Florida,32216,South,OFF-BI-10002026,Office Supplies,Binders,Avery Arch Ring Binders,17.430000000000003,1,0.7,-13.363000000000003,,Cassandra Brandow
1284,CA-2017-122154,2017-04-09,2017-04-11,First Class,SA-20830,Sue Ann Reed,Consumer,United States,Jacksonville,Florida,32216,South,OFF-PA-10000994,Office Supplies,Paper,Xerox 1915,251.64,3,0.2,88.07399999999998,,Cassandra Brandow
1341,CA-2017-113481,2017-01-02,2017-01-04,First Class,AS-10045,Aaron Smayling,Corporate,United States,Jacksonville,North Carolina,28540,South,TEC-MA-10002178,Technology,Machines,Cisco CP-7937G Unified IP Conference Station Phone,695.7,2,0.5,-27.827999999999975,,Cassandra Brandow
1342,CA-2017-113481,2017-01-02,2017-01-04,First Class,AS-10045,Aaron Smayling,Corporate,United States,Jacksonville,North Carolina,28540,South,OFF-BI-10003694,Office Supplies,Binders,"Avery 3 1/2"" Diskette Storage Pages, 10/Pack",15.66,5,0.7,-12.527999999999995,,Cassandra Brandow
1343,CA-2017-113481,2017-01-02,2017-01-04,First Class,AS-10045,Aaron Smayling,Corporate,United States,Jacksonville,North Carolina,28540,South,OFF-BI-10000474,Office Supplies,Binders,Avery Recycled Flexi-View Covers for Binding Systems,28.854000000000006,6,0.7,-21.159599999999998,,Cassandra Brandow
1468,CA-2015-100769,2015-05-16,2015-05-16,Same Day,TH-21550,Tracy Hopkins,Home Office,United States,Jacksonville,Florida,32216,South,TEC-AC-10002402,Technology,Accessories,Razer Kraken PRO Over Ear PC and Music Headset,255.968,4,0.2,31.995999999999974,,Cassandra Brandow
1735,CA-2017-101483,2017-07-29,2017-08-01,Second Class,AG-10675,Anna Gayman,Consumer,United States,Jacksonville,North Carolina,28540,South,OFF-AP-10002082,Office Supplies,Appliances,Holmes HEPA Air Purifier,34.848000000000006,2,0.2,6.533999999999997,,Cassandra Brandow
1736,CA-2017-101483,2017-07-29,2017-08-01,Second Class,AG-10675,Anna Gayman,Consumer,United States,Jacksonville,North Carolina,28540,South,TEC-PH-10003442,Technology,Phones,Samsung Replacement EH64AVFWE Premium Headset,22.0,5,0.2,1.375,,Cassandra Brandow
1737,CA-2017-101483,2017-07-29,2017-08-01,Second Class,AG-10675,Anna Gayman,Consumer,United States,Jacksonville,North Carolina,28540,South,OFF-AR-10002833,Office Supplies,Art,Newell 322,4.368,3,0.2,0.3822000000000001,,Cassandra Brandow
1747,CA-2016-155670,2016-08-13,2016-08-17,Second Class,EM-14065,Erin Mull,Consumer,United States,Jacksonville,North Carolina,28540,South,OFF-BI-10000138,Office Supplies,Binders,Acco Translucent Poly Ring Binders,11.232000000000001,8,0.7,-8.236799999999999,,Cassandra Brandow
1748,CA-2016-155670,2016-08-13,2016-08-17,Second Class,EM-14065,Erin Mull,Consumer,United States,Jacksonville,North Carolina,28540,South,OFF-PA-10004947,Office Supplies,Paper,Easy-staple paper,10.272000000000002,3,0.2,3.209999999999998,,Cassandra Brandow
1880,US-2017-166611,2017-03-28,2017-04-02,Standard Class,CK-12760,Cyma Kinney,Corporate,United States,Jacksonville,Florida,32216,South,OFF-BI-10001191,Office Supplies,Binders,Canvas Sectional Post Binders,68.74200000000002,9,0.7,-48.119399999999985,,Cassandra Brandow
2218,CA-2014-151953,2014-09-20,2014-09-25,Standard Class,DB-13555,Dorothy Badders,Corporate,United States,Jacksonville,Florida,32216,South,OFF-AR-10003469,Office Supplies,Art,Nontoxic Chalk,2.8160000000000003,2,0.2,0.9855999999999999,,Cassandra Brandow
2606,CA-2014-112718,2014-12-16,2014-12-21,Standard Class,KN-16450,Kean Nguyen,Corporate,United States,Jacksonville,Florida,32216,South,OFF-BI-10000591,Office Supplies,Binders,Avery Binder Labels,1.1670000000000003,1,0.7,-0.8557999999999999,,Cassandra Brandow
2697,CA-2014-145317,2014-03-18,2014-03-23,Standard Class,SM-20320,Sean Miller,Home Office,United States,Jacksonville,Florida,32216,South,TEC-MA-10003626,Technology,Machines,Hewlett-Packard Deskjet 6540 Color Inkjet Printer,821.3,4,0.5,-16.426000000000045,,Cassandra Brandow
2698,CA-2014-145317,2014-03-18,2014-03-23,Standard Class,SM-20320,Sean Miller,Home Office,United States,Jacksonville,Florida,32216,South,TEC-MA-10002412,Technology,Machines,Cisco TelePresence System EX90 Videoconferencing Unit,22638.48,6,0.5,-1811.0784000000021,,Cassandra Brandow
2699,CA-2014-145317,2014-03-18,2014-03-23,Standard Class,SM-20320,Sean Miller,Home Office,United States,Jacksonville,Florida,32216,South,OFF-PA-10001804,Office Supplies,Paper,Xerox 195,21.376,4,0.2,7.481599999999999,,Cassandra Brandow
2700,CA-2014-145317,2014-03-18,2014-03-23,Standard Class,SM-20320,Sean Miller,Home Office,United States,Jacksonville,Florida,32216,South,OFF-AR-10003183,Office Supplies,Art,Avery Fluorescent Highlighter Four-Color Set,8.016,3,0.2,1.0019999999999993,,Cassandra Brandow
2701,CA-2014-145317,2014-03-18,2014-03-23,Standard Class,SM-20320,Sean Miller,Home Office,United States,Jacksonville,Florida,32216,South,FUR-FU-10004270,Furniture,Furnishings,"Executive Impressions 13"" Clairmont Wall Clock",30.768,2,0.2,8.076600000000003,,Cassandra Brandow
2702,CA-2014-145317,2014-03-18,2014-03-23,Standard Class,SM-20320,Sean Miller,Home Office,United States,Jacksonville,Florida,32216,South,OFF-FA-10003112,Office Supplies,Fasteners,Staples,18.936,3,0.2,5.917499999999999,,Cassandra Brandow
2703,CA-2014-145317,2014-03-18,2014-03-23,Standard Class,SM-20320,Sean Miller,Home Office,United States,Jacksonville,Florida,32216,South,FUR-FU-10001986,Furniture,Furnishings,"Dana Fluorescent Magnifying Lamp, White, 36""",122.352,3,0.2,15.29399999999999,,Cassandra Brandow
2711,US-2015-120572,2015-12-11,2015-12-15,Standard Class,GH-14425,Gary Hwang,Consumer,United States,Jacksonville,Florida,32216,South,OFF-BI-10001098,Office Supplies,Binders,Acco D-Ring Binder w/DublLock,12.828000000000001,2,0.7,-8.979599999999998,,Cassandra Brandow
2746,CA-2017-163321,2017-08-07,2017-08-11,Second Class,FM-14380,Fred McMath,Consumer,United States,Jacksonville,North Carolina,28540,South,TEC-AC-10004571,Technology,Accessories,Logitech G700s Rechargeable Gaming Mouse,79.992,1,0.2,21.9978,,Cassandra Brandow
3159,US-2016-162677,2016-03-26,2016-03-27,First Class,DB-13210,Dean Braden,Consumer,United States,Jacksonville,North Carolina,28540,South,OFF-ST-10001291,Office Supplies,Storage,"Tenex Personal Self-Stacking Standard File Box, Black/Gray",67.64,5,0.2,5.918499999999998,,Cassandra Brandow
3160,US-2016-162677,2016-03-26,2016-03-27,First Class,DB-13210,Dean Braden,Consumer,United States,Jacksonville,North Carolina,28540,South,TEC-AC-10001314,Technology,Accessories,Case Logic 2.4GHz Wireless Keyboard,119.97600000000001,3,0.2,-17.99640000000002,,Cassandra Brandow
3199,CA-2014-131527,2014-12-01,2014-12-07,Standard Class,TB-21280,Toby Braunhardt,Consumer,United States,Jacksonville,North Carolina,28540,South,TEC-PH-10001644,Technology,Phones,"BlueLounge Milo Smartphone Stand, White/Metallic",95.968,4,0.2,9.596800000000005,,Cassandra Brandow
3257,CA-2015-155453,2015-08-09,2015-08-14,Standard Class,RA-19885,Ruben Ausman,Corporate,United States,Jacksonville,Florida,32216,South,OFF-LA-10001613,Office Supplies,Labels,Avery File Folder Labels,4.608,2,0.2,1.6704,,Cassandra Brandow
3464,CA-2016-165470,2016-11-25,2016-11-30,Standard Class,HJ-14875,Heather Jas,Home Office,United States,Jacksonville,Florida,32216,South,OFF-PA-10004675,Office Supplies,Paper,"Telephone Message Books with Fax/Mobile Section, 5 1/2"" x 3 3/16""",5.08,1,0.2,1.6509999999999998,,Cassandra Brandow
3465,CA-2017-128699,2017-12-03,2017-12-05,Second Class,ND-18370,Natalie DeCherney,Consumer,United States,Jacksonville,Florida,32216,South,TEC-AC-10001990,Technology,Accessories,Kensington Orbit Wireless Mobile Trackball for PC and Mac,47.992000000000004,1,0.2,7.198799999999995,,Cassandra Brandow
3470,CA-2015-100888,2015-04-06,2015-04-10,Standard Class,MH-17455,Mark Hamilton,Consumer,United States,Jacksonville,North Carolina,28540,South,OFF-PA-10001019,Office Supplies,Paper,Xerox 1884,47.952000000000005,3,0.2,16.183799999999998,,Cassandra Brandow
3656,CA-2017-168102,2017-04-24,2017-04-30,Standard Class,CP-12340,Christine Phan,Corporate,United States,Jacksonville,Florida,32216,South,OFF-ST-10001370,Office Supplies,Storage,Sensible Storage WireTech Storage Systems,113.56800000000001,2,0.2,-21.29400000000002,,Cassandra Brandow
3801,CA-2016-156503,2016-10-14,2016-10-20,Standard Class,NC-18415,Nathan Cano,Consumer,United States,Jacksonville,North Carolina,28540,South,FUR-CH-10003606,Furniture,Chairs,SAFCO Folding Chair Trolley,102.59200000000001,1,0.2,10.2592,,Cassandra Brandow
3802,CA-2016-156503,2016-10-14,2016-10-20,Standard Class,NC-18415,Nathan Cano,Consumer,United States,Jacksonville,North Carolina,28540,South,TEC-AC-10002473,Technology,Accessories,Maxell 4.7GB DVD-R,22.704,1,0.2,5.9597999999999995,,Cassandra Brandow
3803,CA-2016-156503,2016-10-14,2016-10-20,Standard Class,NC-18415,Nathan Cano,Consumer,United States,Jacksonville,North Carolina,28540,South,OFF-PA-10002319,Office Supplies,Paper,Xerox 1944,93.024,3,0.2,33.721199999999996,,Cassandra Brandow
3804,CA-2016-156503,2016-10-14,2016-10-20,Standard Class,NC-18415,Nathan Cano,Consumer,United States,Jacksonville,North Carolina,28540,South,OFF-SU-10000946,Office Supplies,Supplies,Staple remover,12.768,2,0.2,1.436399999999999,,Cassandra Brandow
3805,CA-2016-156503,2016-10-14,2016-10-20,Standard Class,NC-18415,Nathan Cano,Consumer,United States,Jacksonville,North Carolina,28540,South,OFF-EN-10001335,Office Supplies,Envelopes,"White Business Envelopes with Contemporary Seam, Recycled White Business Envelopes",35.008,4,0.2,13.127999999999998,,Cassandra Brandow
3806,CA-2016-156503,2016-10-14,2016-10-20,Standard Class,NC-18415,Nathan Cano,Consumer,United States,Jacksonville,North Carolina,28540,South,OFF-PA-10002377,Office Supplies,Paper,Xerox 1916,39.152,1,0.2,14.681999999999999,,Cassandra Brandow
3815,CA-2016-152471,2016-07-08,2016-07-08,Same Day,ZD-21925,Zuschuss Donatelli,Consumer,United States,Jacksonville,Florida,32216,South,TEC-PH-10002824,Technology,Phones,Jabra SPEAK 410 Multidevice Speakerphone,823.9600000000002,5,0.2,51.497499999999974,,Cassandra Brandow
3816,CA-2016-152471,2016-07-08,2016-07-08,Same Day,ZD-21925,Zuschuss Donatelli,Consumer,United States,Jacksonville,Florida,32216,South,OFF-PA-10004965,Office Supplies,Paper,Xerox 1921,15.984000000000002,2,0.2,4.994999999999999,,Cassandra Brandow
4080,CA-2015-165414,2015-12-21,2015-12-24,First Class,LS-17245,Lynn Smith,Consumer,United States,Jacksonville,North Carolina,28540,South,TEC-PH-10002293,Technology,Phones,Anker 36W 4-Port USB Wall Charger Travel Power Adapter for iPhone 5s 5c 5,47.976,3,0.2,4.797600000000003,,Cassandra Brandow
4126,CA-2017-123239,2017-07-27,2017-07-31,Second Class,MG-18145,Mike Gockenbach,Consumer,United States,Jacksonville,Florida,32216,South,FUR-FU-10001602,Furniture,Furnishings,"Eldon Delta Triangular Chair Mat, 52"" x 58"", Clear",91.03200000000001,3,0.2,-2.275800000000011,,Cassandra Brandow
4520,CA-2017-107167,2017-06-10,2017-06-14,Standard Class,ND-18460,Neil Ducich,Corporate,United States,Jacksonville,Florida,32216,South,OFF-ST-10003805,Office Supplies,Storage,"24 Capacity Maxi Data Binder Racks, Pearl",1347.5200000000002,8,0.2,84.21999999999986,,Cassandra Brandow
4603,US-2015-113327,2015-05-26,2015-05-29,Second Class,BF-11170,Ben Ferrer,Home Office,United States,Jacksonville,North Carolina,28540,South,OFF-PA-10003790,Office Supplies,Paper,Xerox 1991,18.272000000000002,1,0.2,5.938399999999999,,Cassandra Brandow
4604,US-2015-113327,2015-05-26,2015-05-29,Second Class,BF-11170,Ben Ferrer,Home Office,United States,Jacksonville,North Carolina,28540,South,OFF-PA-10003134,Office Supplies,Paper,Xerox 1937,153.728,4,0.2,53.804799999999986,,Cassandra Brandow
4605,US-2015-113327,2015-05-26,2015-05-29,Second Class,BF-11170,Ben Ferrer,Home Office,United States,Jacksonville,North Carolina,28540,South,OFF-EN-10004459,Office Supplies,Envelopes,Security-Tint Envelopes,12.224,2,0.2,4.4312,,Cassandra Brandow
4606,US-2015-113327,2015-05-26,2015-05-29,Second Class,BF-11170,Ben Ferrer,Home Office,United States,Jacksonville,North Carolina,28540,South,TEC-AC-10003628,Technology,Accessories,Logitech 910-002974 M325 Wireless Mouse for Web Scrolling,167.94400000000002,7,0.2,50.383200000000016,,Cassandra Brandow
4613,US-2017-165953,2016-12-31,2017-01-06,Standard Class,EP-13915,Emily Phan,Consumer,United States,Jacksonville,Florida,32216,South,OFF-AR-10000588,Office Supplies,Art,Newell 345,47.616,3,0.2,3.571200000000001,,Cassandra Brandow
4614,US-2017-165953,2016-12-31,2017-01-06,Standard Class,EP-13915,Emily Phan,Consumer,United States,Jacksonville,Florida,32216,South,OFF-PA-10002250,Office Supplies,Paper,Things To Do Today Pad,23.480000000000004,5,0.2,8.218,,Cassandra Brandow
4664,CA-2016-111409,2016-09-18,2016-09-22,Standard Class,PO-18850,Patrick O'Brill,Consumer,United States,Jacksonville,Florida,32216,South,OFF-LA-10002787,Office Supplies,Labels,Avery 480,3.0,1,0.2,1.0499999999999998,,Cassandra Brandow
4769,CA-2017-158883,2017-06-02,2017-06-03,Same Day,CS-11860,Cari Schnelling,Consumer,United States,Jacksonville,North Carolina,28540,South,OFF-PA-10004733,Office Supplies,Paper,Things To Do Today Spiral Book,25.344,4,0.2,9.187199999999999,,Cassandra Brandow
4797,US-2016-148901,2016-05-14,2016-05-19,Standard Class,MK-17905,Michael Kennedy,Corporate,United States,Jacksonville,Florida,32216,South,OFF-BI-10001718,Office Supplies,Binders,GBC DocuBind P50 Personal Binding Machine,57.58200000000001,3,0.7,-44.14619999999998,,Cassandra Brandow
4798,US-2016-148901,2016-05-14,2016-05-19,Standard Class,MK-17905,Michael Kennedy,Corporate,United States,Jacksonville,Florida,32216,South,OFF-PA-10004983,Office Supplies,Paper,Xerox 23,31.104000000000006,6,0.2,10.8864,,Cassandra Brandow
4799,US-2016-148901,2016-05-14,2016-05-19,Standard Class,MK-17905,Michael Kennedy,Corporate,United States,Jacksonville,Florida,32216,South,FUR-FU-10002396,Furniture,Furnishings,"DAX Copper Panel Document Frame, 5 x 7 Size",30.192,3,0.2,8.302800000000003,,Cassandra Brandow
4800,US-2016-148901,2016-05-14,2016-05-19,Standard Class,MK-17905,Michael Kennedy,Corporate,United States,Jacksonville,Florida,32216,South,TEC-PH-10003988,Technology,Phones,"LF Elite 3D Dazzle Designer Hard Case Cover, Lf Stylus Pen and Wiper For Apple Iphone 5c Mini Lite",43.6,5,0.2,4.360000000000001,,Cassandra Brandow
4801,US-2016-148901,2016-05-14,2016-05-19,Standard Class,MK-17905,Michael Kennedy,Corporate,United States,Jacksonville,Florida,32216,South,OFF-AR-10002467,Office Supplies,Art,Dixon Ticonderoga Pencils,4.768,2,0.2,0.41720000000000046,,Cassandra Brandow
4802,US-2016-148901,2016-05-14,2016-05-19,Standard Class,MK-17905,Michael Kennedy,Corporate,United States,Jacksonville,Florida,32216,South,OFF-BI-10004002,Office Supplies,Binders,Wilson Jones International Size A4 Ring Binders,10.380000000000003,2,0.7,-7.611999999999998,,Cassandra Brandow
4803,US-2016-148901,2016-05-14,2016-05-19,Standard Class,MK-17905,Michael Kennedy,Corporate,United States,Jacksonville,Florida,32216,South,OFF-BI-10002309,Office Supplies,Binders,Avery Heavy-Duty EZD  Binder With Locking Rings,13.392000000000003,8,0.7,-9.820799999999998,,Cassandra Brandow
4971,US-2016-153815,2016-11-06,2016-11-09,First Class,KL-16555,Kelly Lampkin,Corporate,United States,Jacksonville,Florida,32216,South,FUR-CH-10000513,Furniture,Chairs,High-Back Leather Manager's Chair,207.98400000000004,2,0.2,-28.597800000000007,,Cassandra Brandow
4972,US-2016-153815,2016-11-06,2016-11-09,First Class,KL-16555,Kelly Lampkin,Corporate,United States,Jacksonville,Florida,32216,South,OFF-PA-10002421,Office Supplies,Paper,Embossed Ink Jet Note Cards,36.112,2,0.2,12.6392,,Cassandra Brandow
4973,US-2016-153815,2016-11-06,2016-11-09,First Class,KL-16555,Kelly Lampkin,Corporate,United States,Jacksonville,Florida,32216,South,FUR-FU-10004090,Furniture,Furnishings,"Executive Impressions 14"" Contract Wall Clock",35.568000000000005,2,0.2,5.779799999999996,,Cassandra Brandow
4974,US-2016-153815,2016-11-06,2016-11-09,First Class,KL-16555,Kelly Lampkin,Corporate,United States,Jacksonville,Florida,32216,South,OFF-PA-10004071,Office Supplies,Paper,"Eaton Premium Continuous-Feed Paper, 25% Cotton, Letter Size, White, 1000 Shts/Box",88.768,2,0.2,31.068799999999996,,Cassandra Brandow
4976,CA-2015-142202,2015-09-18,2015-09-23,Second Class,JR-16210,Justin Ritter,Corporate,United States,Jacksonville,Florida,32216,South,TEC-AC-10003198,Technology,Accessories,Enermax Acrylux Wireless Keyboard,717.1200000000001,9,0.2,152.38799999999992,,Cassandra Brandow
5186,CA-2015-134719,2015-10-10,2015-10-15,Standard Class,JD-15790,John Dryer,Consumer,United States,Jacksonville,Florida,32216,South,OFF-ST-10004459,Office Supplies,Storage,Tennsco Single-Tier Lockers,1801.632,6,0.2,-337.80600000000004,,Cassandra Brandow
5488,CA-2017-134495,2017-04-01,2017-04-04,Second Class,BF-11020,Barry Französisch,Corporate,United States,Jacksonville,Florida,32216,South,TEC-PH-10004897,Technology,Phones,Mediabridge Sport Armband iPhone 5s,23.976000000000003,3,0.2,-5.694300000000001,,Cassandra Brandow
5489,CA-2017-134495,2017-04-01,2017-04-04,Second Class,BF-11020,Barry Französisch,Corporate,United States,Jacksonville,Florida,32216,South,OFF-LA-10000262,Office Supplies,Labels,Avery 494,6.264,3,0.2,2.0358,,Cassandra Brandow
5490,CA-2017-134495,2017-04-01,2017-04-04,Second Class,BF-11020,Barry Französisch,Corporate,United States,Jacksonville,Florida,32216,South,OFF-AP-10002222,Office Supplies,Appliances,Staple holder,20.808,3,0.2,1.8207000000000013,,Cassandra Brandow
5491,CA-2017-134495,2017-04-01,2017-04-04,Second Class,BF-11020,Barry Französisch,Corporate,United States,Jacksonville,Florida,32216,South,FUR-CH-10003774,Furniture,Chairs,"Global Wood Trimmed Manager's Task Chair, Khaki",218.35200000000003,3,0.2,-19.105800000000016,,Cassandra Brandow
5529,CA-2015-137106,2015-03-31,2015-04-04,Standard Class,SC-20260,Scott Cohen,Corporate,United States,Jacksonville,Florida,32216,South,TEC-PH-10000011,Technology,Phones,PureGear Roll-On Screen Protector,79.96,5,0.2,27.985999999999994,,Cassandra Brandow
5789,CA-2017-115070,2017-04-10,2017-04-14,Second Class,MG-18205,Mitch Gastineau,Corporate,United States,Jacksonville,Florida,32216,South,FUR-FU-10003829,Furniture,Furnishings,Stackable Trays,12.320000000000002,5,0.2,1.8479999999999985,,Cassandra Brandow
5790,CA-2017-115070,2017-04-10,2017-04-14,Second Class,MG-18205,Mitch Gastineau,Corporate,United States,Jacksonville,Florida,32216,South,OFF-BI-10003712,Office Supplies,Binders,"Acco Pressboard Covers with Storage Hooks, 14 7/8"" x 11"", Light Blue",4.4190000000000005,3,0.7,-3.0933,,Cassandra Brandow
6029,CA-2016-157364,2016-11-19,2016-11-21,First Class,LT-17110,Liz Thompson,Consumer,United States,Jacksonville,North Carolina,28540,South,OFF-AR-10003752,Office Supplies,Art,Deluxe Chalkboard Eraser Cleaner,18.48,2,0.2,6.005999999999999,,Cassandra Brandow
6321,CA-2017-160017,2017-09-28,2017-10-02,Standard Class,SP-20860,Sung Pak,Corporate,United States,Jacksonville,Florida,32216,South,OFF-PA-10001800,Office Supplies,Paper,Xerox 220,10.368000000000002,2,0.2,3.6288,,Cassandra Brandow
6430,CA-2014-165764,2014-11-03,2014-11-07,Standard Class,SH-20395,Shahid Hopkins,Consumer,United States,Jacksonville,North Carolina,28540,South,OFF-ST-10001558,Office Supplies,Storage,Acco Perma 4000 Stacking Storage Drawers,25.983999999999998,2,0.2,-1.6239999999999997,,Cassandra Brandow
6431,CA-2014-165764,2014-11-03,2014-11-07,Standard Class,SH-20395,Shahid Hopkins,Consumer,United States,Jacksonville,North Carolina,28540,South,FUR-TA-10001768,Furniture,Tables,Hon Racetrack Conference Tables,945.0360000000001,6,0.4,-299.2614000000001,,Cassandra Brandow
6432,CA-2014-165764,2014-11-03,2014-11-07,Standard Class,SH-20395,Shahid Hopkins,Consumer,United States,Jacksonville,North Carolina,28540,South,OFF-BI-10002982,Office Supplies,Binders,Avery Self-Adhesive Photo Pockets for Polaroid Photos,14.301000000000002,7,0.7,-10.487400000000001,,Cassandra Brandow
6433,CA-2014-165764,2014-11-03,2014-11-07,Standard Class,SH-20395,Shahid Hopkins,Consumer,United States,Jacksonville,North Carolina,28540,South,FUR-FU-10001468,Furniture,Furnishings,Tenex Antistatic Computer Chair Mats,410.352,3,0.2,-51.29400000000004,,Cassandra Brandow
6487,CA-2015-120621,2015-03-21,2015-03-26,Standard Class,JW-16075,Julia West,Consumer,United States,Jacksonville,North Carolina,28540,South,OFF-AP-10002945,Office Supplies,Appliances,Honeywell Enviracaire Portable HEPA Air Cleaner for 17' x 22' Room,962.0799999999999,4,0.2,156.33799999999997,,Cassandra Brandow
6488,CA-2015-120621,2015-03-21,2015-03-26,Standard Class,JW-16075,Julia West,Consumer,United States,Jacksonville,North Carolina,28540,South,OFF-BI-10000948,Office Supplies,Binders,"GBC Laser Imprintable Binding System Covers, Desert Sand",12.843000000000002,3,0.7,-9.8463,,Cassandra Brandow
6489,CA-2015-120621,2015-03-21,2015-03-26,Standard Class,JW-16075,Julia West,Consumer,United States,Jacksonville,North Carolina,28540,South,OFF-PA-10002254,Office Supplies,Paper,Xerox 1883,295.456,14,0.2,96.02319999999997,,Cassandra Brandow
6598,CA-2014-169257,2014-06-06,2014-06-12,Standard Class,SV-20785,Stewart Visinsky,Consumer,United States,Jacksonville,Florida,32216,South,OFF-BI-10002557,Office Supplies,Binders,Presstex Flexible Ring Binders,1.3650000000000002,1,0.7,-0.9099999999999997,,Cassandra Brandow
6599,CA-2014-169257,2014-06-06,2014-06-12,Standard Class,SV-20785,Stewart Visinsky,Consumer,United States,Jacksonville,Florida,32216,South,OFF-PA-10002319,Office Supplies,Paper,Xerox 1944,62.016,2,0.2,22.480800000000002,,Cassandra Brandow
7153,CA-2014-137911,2014-10-09,2014-10-15,Standard Class,BP-11095,Bart Pistole,Corporate,United States,Jacksonville,North Carolina,28540,South,OFF-PA-10004071,Office Supplies,Paper,"Eaton Premium Continuous-Feed Paper, 25% Cotton, Letter Size, White, 1000 Shts/Box",88.768,2,0.2,31.068799999999996,,Cassandra Brandow
7345,CA-2017-168389,2017-12-11,2017-12-17,Standard Class,DV-13045,Darrin Van Huff,Corporate,United States,Jacksonville,Florida,32216,South,FUR-TA-10004289,Furniture,Tables,BoxOffice By Design Rectangular and Half-Moon Meeting Room Tables,721.8750000000001,6,0.45,-420.0,,Cassandra Brandow
7346,CA-2017-168389,2017-12-11,2017-12-17,Standard Class,DV-13045,Darrin Van Huff,Corporate,United States,Jacksonville,Florida,32216,South,TEC-PH-10003555,Technology,Phones,Motorola HK250 Universal Bluetooth Headset,73.568,4,0.2,-16.552799999999994,,Cassandra Brandow
7347,CA-2017-168389,2017-12-11,2017-12-17,Standard Class,DV-13045,Darrin Van Huff,Corporate,United States,Jacksonville,Florida,32216,South,OFF-AR-10001958,Office Supplies,Art,Stanley Bostitch Contemporary Electric Pencil Sharpeners,13.584000000000001,1,0.2,1.3584,,Cassandra Brandow
7348,CA-2017-168389,2017-12-11,2017-12-17,Standard Class,DV-13045,Darrin Van Huff,Corporate,United States,Jacksonville,Florida,32216,South,FUR-CH-10000225,Furniture,Chairs,"Global Geo Office Task Chair, Gray",64.784,1,0.2,-12.14700000000001,,Cassandra Brandow
7754,CA-2015-158323,2015-11-30,2015-12-03,First Class,AB-10600,Ann Blume,Corporate,United States,Jacksonville,North Carolina,28540,South,FUR-FU-10001546,Furniture,Furnishings,Dana Swing-Arm Lamps,17.088,2,0.2,1.0679999999999996,,Cassandra Brandow
7870,US-2017-166233,2017-07-03,2017-07-09,Standard Class,MO-17950,Michael Oakman,Consumer,United States,Jacksonville,North Carolina,28540,South,TEC-AC-10002167,Technology,Accessories,Imation 8gb Micro Traveldrive Usb 2.0 Flash Drive,24.0,2,0.2,-2.6999999999999993,,Cassandra Brandow
8235,CA-2017-102204,2017-05-01,2017-05-06,Standard Class,CJ-12010,Caroline Jumper,Consumer,United States,Jacksonville,Florida,32216,South,OFF-SU-10001212,Office Supplies,Supplies,Kleencut Forged Office Shears by Acme United Corporation,3.3280000000000003,2,0.2,0.4159999999999997,,Cassandra Brandow
8236,CA-2017-102204,2017-05-01,2017-05-06,Standard Class,CJ-12010,Caroline Jumper,Consumer,United States,Jacksonville,Florida,32216,South,FUR-TA-10001889,Furniture,Tables,Bush Advantage Collection Racetrack Conference Table,933.2620000000001,4,0.45,-458.1468,,Cassandra Brandow
8237,CA-2017-102204,2017-05-01,2017-05-06,Standard Class,CJ-12010,Caroline Jumper,Consumer,United States,Jacksonville,Florida,32216,South,FUR-CH-10002024,Furniture,Chairs,HON 5400 Series Task Chairs for Big and Tall,2803.92,5,0.2,0.0,,Cassandra Brandow
8238,CA-2017-103065,2017-10-20,2017-10-20,Same Day,PT-19090,Pete Takahito,Consumer,United States,Jacksonville,Florida,32216,South,OFF-ST-10000617,Office Supplies,Storage,Woodgrain Magazine Files by Perma,4.768,2,0.2,-0.7748000000000006,,Cassandra Brandow
8239,CA-2017-103065,2017-10-20,2017-10-20,Same Day,PT-19090,Pete Takahito,Consumer,United States,Jacksonville,Florida,32216,South,OFF-PA-10000380,Office Supplies,Paper,"REDIFORM Incoming/Outgoing Call Register, 11"" X 8 1/2"", 100 Messages",6.672000000000001,1,0.2,2.502,,Cassandra Brandow
8240,CA-2017-103065,2017-10-20,2017-10-20,Same Day,PT-19090,Pete Takahito,Consumer,United States,Jacksonville,Florida,32216,South,OFF-AR-10003251,Office Supplies,Art,Prang Drawing Pencil Set,4.4479999999999995,2,0.2,1.1119999999999999,,Cassandra Brandow
8241,CA-2017-103065,2017-10-20,2017-10-20,Same Day,PT-19090,Pete Takahito,Consumer,United States,Jacksonville,Florida,32216,South,FUR-FU-10000175,Furniture,Furnishings,DAX Wood Document Frame.,43.93600000000001,4,0.2,6.041199999999996,,Cassandra Brandow
8264,CA-2015-138457,2015-09-13,2015-09-17,Standard Class,AM-10705,Anne McFarland,Consumer,United States,Jacksonville,North Carolina,28540,South,OFF-BI-10000014,Office Supplies,Binders,Heavy-Duty E-Z-D Binders,13.092000000000002,4,0.7,-10.037199999999999,,Cassandra Brandow
8281,CA-2017-134810,2017-05-09,2017-05-10,First Class,MC-17605,Matt Connell,Corporate,United States,Jacksonville,North Carolina,28540,South,OFF-EN-10002504,Office Supplies,Envelopes,"Tyvek  Top-Opening Peel & Seel Envelopes, Plain White",65.232,3,0.2,22.0158,,Cassandra Brandow
8282,CA-2017-134810,2017-05-09,2017-05-10,First Class,MC-17605,Matt Connell,Corporate,United States,Jacksonville,North Carolina,28540,South,FUR-CH-10001270,Furniture,Chairs,Harbour Creations Steel Folding Chair,207.0,3,0.2,25.87499999999997,,Cassandra Brandow
8594,CA-2017-159667,2017-11-09,2017-11-13,Standard Class,PM-19135,Peter McVee,Home Office,United States,Jacksonville,Florida,32216,South,TEC-AC-10002567,Technology,Accessories,Logitech G602 Wireless Gaming Mouse,191.976,3,0.2,38.39519999999999,,Cassandra Brandow
8595,CA-2017-159667,2017-11-09,2017-11-13,Standard Class,PM-19135,Peter McVee,Home Office,United States,Jacksonville,Florida,32216,South,TEC-PH-10004094,Technology,Phones,Motorola L703CM,499.16800000000006,4,0.2,31.197999999999993,,Cassandra Brandow
8643,CA-2015-108259,2015-11-08,2015-11-15,Standard Class,NS-18640,Noel Staavos,Corporate,United States,Jacksonville,North Carolina,28540,South,OFF-FA-10000624,Office Supplies,Fasteners,OIC Binder Clips,31.504000000000005,11,0.2,11.814,,Cassandra Brandow
8644,CA-2015-108259,2015-11-08,2015-11-15,Standard Class,NS-18640,Noel Staavos,Corporate,United States,Jacksonville,North Carolina,28540,South,OFF-LA-10002945,Office Supplies,Labels,"Permanent Self-Adhesive File Folder Labels for Typewriters, 1 1/8 x 3 1/2, White",5.04,1,0.2,1.6379999999999997,,Cassandra Brandow
8645,CA-2015-108259,2015-11-08,2015-11-15,Standard Class,NS-18640,Noel Staavos,Corporate,United States,Jacksonville,North Carolina,28540,South,OFF-BI-10000315,Office Supplies,Binders,Poly Designer Cover & Back,39.879,7,0.7,-29.24459999999999,,Cassandra Brandow
8646,CA-2015-108259,2015-11-08,2015-11-15,Standard Class,NS-18640,Noel Staavos,Corporate,United States,Jacksonville,North Carolina,28540,South,FUR-FU-10000023,Furniture,Furnishings,Eldon Wave Desk Accessories,4.712,1,0.2,1.4136000000000002,,Cassandra Brandow
8955,CA-2014-156790,2014-08-08,2014-08-10,Second Class,VG-21790,Vivek Gonzalez,Consumer,United States,Jacksonville,Florida,32216,South,FUR-BO-10000468,Furniture,Bookcases,O'Sullivan 2-Shelf Heavy-Duty Bookcases,155.45600000000002,4,0.2,-7.7727999999999895,,Cassandra Brandow
8986,CA-2015-123092,2015-12-03,2015-12-07,Standard Class,JG-15115,Jack Garza,Consumer,United States,Jacksonville,North Carolina,28540,South,FUR-FU-10000222,Furniture,Furnishings,"Seth Thomas 16"" Steel Case Clock",77.952,3,0.2,12.667199999999994,,Cassandra Brandow
8987,CA-2015-123092,2015-12-03,2015-12-07,Standard Class,JG-15115,Jack Garza,Consumer,United States,Jacksonville,North Carolina,28540,South,OFF-BI-10001718,Office Supplies,Binders,GBC DocuBind P50 Personal Binding Machine,95.97000000000001,5,0.7,-73.57699999999997,,Cassandra Brandow
8988,CA-2015-123092,2015-12-03,2015-12-07,Standard Class,JG-15115,Jack Garza,Consumer,United States,Jacksonville,North Carolina,28540,South,TEC-PH-10001700,Technology,Phones,Panasonic KX-TG6844B Expandable Digital Cordless Telephone,105.584,2,0.2,9.238600000000005,,Cassandra Brandow
8989,CA-2015-123092,2015-12-03,2015-12-07,Standard Class,JG-15115,Jack Garza,Consumer,United States,Jacksonville,North Carolina,28540,South,OFF-AR-10004078,Office Supplies,Art,Newell 312,9.344,2,0.2,1.1679999999999997,,Cassandra Brandow
9443,CA-2017-165904,2017-04-07,2017-04-11,Standard Class,HR-14770,Hallie Redmond,Home Office,United States,Jacksonville,Florida,32216,South,OFF-AR-10003156,Office Supplies,Art,50 Colored Long Pencils,16.256,2,0.2,1.2192000000000007,,Cassandra Brandow
9444,CA-2017-165904,2017-04-07,2017-04-11,Standard Class,HR-14770,Hallie Redmond,Home Office,United States,Jacksonville,Florida,32216,South,TEC-PH-10000576,Technology,Phones,AT&T 1080 Corded phone,219.18400000000003,2,0.2,19.178600000000003,,Cassandra Brandow
9515,CA-2014-100293,2014-03-14,2014-03-18,Standard Class,NF-18475,Neil Französisch,Home Office,United States,Jacksonville,Florida,32216,South,OFF-PA-10000176,Office Supplies,Paper,Xerox 1887,91.056,6,0.2,31.869599999999995,,Cassandra Brandow
